model,batch size,time,required memory,simulated memory,fragmentation
gpt2-XL,1,336.5819323062897,19242.698181152344,19242.573181152344,6.495970514282338e-06
gpt2-XL,2,322.1850929260254,32468.323181152344,32468.323181152344,0.0
gpt2-XL,4,327.3335359096527,58994.823181152344,58994.823181152344,0.0
